,sco,lin,ibk
appendicitis,83.9090909090909,83.9090909090909,80.27272727272727
australian,58.69565217391305,78.84057971014492,81.15942028985508
