,sco,lin,ibk
appendicitis,87.9090909090909,86.81818181818181,86.0
australian,58.405797101449274,80.43478260869566,85.65217391304348
