,sco,lin,ibk
appendicitis,89.72727272727272,88.72727272727272,85.0
australian,59.130434782608695,80.8695652173913,84.78260869565217
